VR terms + transfer + visuomotor,Included/Excluded 
,
learning (artificial intelligence) (4),I
control engineering computing (3),I
manipulators (2),I
neural nets (2),I
neurophysiology (2),I
adaptive control (1),I
biocontrol (1),I
calibration (1),I
computer based training (1),I
computer vision (1),I
feedback (1),I
feedforward (1),I
gradient methods (1),I
haptic interfaces (1),I
humanoid robots (1),I
image coding (1),I
inverse problems (1),I
mechanoception (1),I
medical computing (1),I
medical robotics (1),I
mobile robots (1),I
motion control (1),I
muscle (1),I
nonlinear control systems (1),I
nonlinear dynamical systems (1),I
Total After Exclusion Topics Appled ,8
,
,
,
,
,
,
,
,
,
,
,
,
,
,
,
,
,
,
,
,
,